INSERT INTO `proje`.`course` (`ects`, `courseName`, `courseCode`, `numHours`) VALUES ('3', 'Introduction to Computer Engineering', 'cs101', '2');
INSERT INTO `proje`.`course` (`ects`, `courseName`, `courseCode`, `numHours`) VALUES ('3', 'Introduction to Industrial Eng', 'ie101', '2');
INSERT INTO `proje`.`course` (`ects`, `courseName`, `courseCode`, `numHours`) VALUES ('3', 'Introduction to Psychology', 'ps101', '2');
INSERT INTO `proje`.`course` (`ects`, `courseName`, `courseCode`, `numHours`) VALUES ('3', 'Introduction to Sociology', 'so101', '2');
INSERT INTO `proje`.`course` (`ects`, `courseName`, `courseCode`, `numHours`) VALUES ('5', 'Introduction to Architecture', 'ar101', '3');
INSERT INTO `proje`.`course` (`ects`, `courseName`, `courseCode`, `numHours`) VALUES ('5', 'Introduction to Public Relations', 'pr101', '3');
INSERT INTO `proje`.`course` (`ects`, `courseName`, `courseCode`, `numHours`) VALUES ('6', 'Introduction to Gastronomy', 'gs101', '4');
INSERT INTO `proje`.`course` (`ects`, `courseName`, `courseCode`, `numHours`) VALUES ('6', 'Introduction to Civil Eng', 'ce101', '4');
INSERT INTO `proje`.`course` (`ects`, `courseName`, `courseCode`, `numHours`) VALUES ('8', 'Introduction to Biomedical Eng', 'be101', '6');
INSERT INTO `proje`.`course` (`ects`, `courseName`, `courseCode`, `numHours`) VALUES ('8', 'Introduction to Software Eng', 'se101', '6');
INSERT INTO `proje`.`buildclass` (`buildingName`, `roomNumber`, `capacity`) VALUES ('DMF', '1', '20');
INSERT INTO `proje`.`buildclass` (`buildingName`, `roomNumber`, `capacity`) VALUES ('DMF', '2', '20');
INSERT INTO `proje`.`buildclass` (`buildingName`, `roomNumber`, `capacity`) VALUES ('DMF', '3', '50');
INSERT INTO `proje`.`buildclass` (`buildingName`, `roomNumber`, `capacity`) VALUES ('DMF', '4', '50');
INSERT INTO `proje`.`buildclass` (`buildingName`, `roomNumber`, `capacity`) VALUES ('DMF', '5', '90');
INSERT INTO `proje`.`buildclass` (`buildingName`, `roomNumber`, `capacity`) VALUES ('LMF', '1', '20');
INSERT INTO `proje`.`buildclass` (`buildingName`, `roomNumber`, `capacity`) VALUES ('LMF', '2', '20');
INSERT INTO `proje`.`buildclass` (`buildingName`, `roomNumber`, `capacity`) VALUES ('LMF', '3', '40');
INSERT INTO `proje`.`buildclass` (`buildingName`, `roomNumber`, `capacity`) VALUES ('LMF', '4', '40');
INSERT INTO `proje`.`buildclass` (`buildingName`, `roomNumber`, `capacity`) VALUES ('LMF', '5', '50');
INSERT INTO `proje`.`department` (`dName`, `budget`, `buildingName`) VALUES ('Computer Eng', '50000', 'LMF');
INSERT INTO `proje`.`department` (`dName`, `budget`, `buildingName`) VALUES ('Industrial Eng', '40000', 'LMF');
INSERT INTO `proje`.`department` (`dName`, `budget`, `buildingName`) VALUES ('Psychology', '20000', 'DMF');
INSERT INTO `proje`.`department` (`dName`, `budget`, `buildingName`) VALUES ('Sociology', '20000', 'DMF');
INSERT INTO `proje`.`department` (`dName`, `budget`, `buildingName`) VALUES ('Architecture', '50000', 'DMF');
INSERT INTO `proje`.`department` (`dName`, `budget`, `buildingName`) VALUES ('Public Relations', '20000', 'DMF');
INSERT INTO `proje`.`department` (`dName`, `budget`, `buildingName`) VALUES ('Gastronomy', '20000', 'DMF');
INSERT INTO `proje`.`department` (`dName`, `budget`, `buildingName`) VALUES ('Civil Eng', '40000', 'LMF');
INSERT INTO `proje`.`department` (`dName`, `budget`, `buildingName`) VALUES ('Biomedical Eng', '45000', 'LMF');
INSERT INTO `proje`.`department` (`dName`, `budget`, `buildingName`) VALUES ('Software Eng', '50000', 'LMF');
INSERT INTO `proje`.`curricula` (`currCode`, `gradOrUGrad`, `dName`) VALUES ('SE-2020', 'G', 'Software Eng');
INSERT INTO `proje`.`curricula` (`currCode`, `gradOrUGrad`, `dName`) VALUES ('SO-2020', 'G', 'Sociology');
INSERT INTO `proje`.`curricula` (`currCode`, `gradOrUGrad`, `dName`) VALUES ('PR-2020', 'G', 'Public Relations');
INSERT INTO `proje`.`curricula` (`currCode`, `gradOrUGrad`, `dName`) VALUES ('PS-2020', 'G', 'Psychology');
INSERT INTO `proje`.`curricula` (`currCode`, `gradOrUGrad`, `dName`) VALUES ('IE-2020', 'G', 'Industrial Eng');
INSERT INTO `proje`.`curricula` (`currCode`, `gradOrUGrad`, `dName`) VALUES ('GS-2020', 'G', 'Gastronomy');
INSERT INTO `proje`.`curricula` (`currCode`, `gradOrUGrad`, `dName`) VALUES ('CS-2020', 'G', 'Computer Eng');
INSERT INTO `proje`.`curricula` (`currCode`, `gradOrUGrad`, `dName`) VALUES ('CE-2020', 'G', 'Civil Eng');
INSERT INTO `proje`.`curricula` (`currCode`, `gradOrUGrad`, `dName`) VALUES ('BE-2020', 'G', 'Biomedical Eng');
INSERT INTO `proje`.`curricula` (`currCode`, `gradOrUGrad`, `dName`) VALUES ('AR-2020', 'G', 'Architecture');
INSERT INTO `proje`.`curriculacourses` (`courseCode`, `dName`, `currCode`) VALUES ('ar101', 'Architecture', 'AR-2020');
INSERT INTO `proje`.`curriculacourses` (`courseCode`, `dName`, `currCode`) VALUES ('be101', 'Biomedical Eng', 'BE-2020');
INSERT INTO `proje`.`curriculacourses` (`courseCode`, `dName`, `currCode`) VALUES ('ce101', 'Civil Eng', 'CE-2020');
INSERT INTO `proje`.`curriculacourses` (`courseCode`, `dName`, `currCode`) VALUES ('cs101', 'Computer Eng', 'CS-2020');
INSERT INTO `proje`.`curriculacourses` (`courseCode`, `dName`, `currCode`) VALUES ('gs101', 'Gastronomy', 'GS-2020');
INSERT INTO `proje`.`curriculacourses` (`courseCode`, `dName`, `currCode`) VALUES ('ie101', 'Industrial Eng', 'IE-2020');
INSERT INTO `proje`.`curriculacourses` (`courseCode`, `dName`, `currCode`) VALUES ('pr101', 'Public Relations', 'PR-2020');
INSERT INTO `proje`.`curriculacourses` (`courseCode`, `dName`, `currCode`) VALUES ('ps101', 'Psychology', 'PS-2020');
INSERT INTO `proje`.`curriculacourses` (`courseCode`, `dName`, `currCode`) VALUES ('se101', 'Software Eng', 'SE-2020');
INSERT INTO `proje`.`curriculacourses` (`courseCode`, `dName`, `currCode`) VALUES ('so101', 'Sociology', 'SO-2020');
INSERT INTO `proje`.`instructor` (`ssn`, `iName`, `rank`, `baseSalary`, `extraSalary`, `dName`) VALUES ('10000000001', 'Mehmet', 'Proffesor', '15000', '30', 'Architecture');
INSERT INTO `proje`.`instructor` (`ssn`, `iName`, `rank`, `baseSalary`, `extraSalary`, `dName`) VALUES ('10000000002', 'Jennifer', 'Instructor', '6000', '20', 'Architecture');
INSERT INTO `proje`.`instructor` (`ssn`, `iName`, `rank`, `baseSalary`, `extraSalary`, `dName`) VALUES ('10000000003', 'Ayşe', 'Associate Professor', '10000', '100', 'Biomedical Eng');
INSERT INTO `proje`.`instructor` (`ssn`, `iName`, `rank`, `baseSalary`, `extraSalary`, `dName`) VALUES ('10000000004', 'Serkan', 'Assistant Professor', '8000', '100', 'Biomedical Eng');
INSERT INTO `proje`.`instructor` (`ssn`, `iName`, `rank`, `baseSalary`, `extraSalary`, `dName`) VALUES ('10000000005', 'Veli', 'Professor', '20000', '40', 'Civil Eng');
INSERT INTO `proje`.`instructor` (`ssn`, `iName`, `rank`, `baseSalary`, `extraSalary`, `dName`) VALUES ('10000000006', 'Berke', 'Proffesor', '40000', '200', 'Computer Eng');
INSERT INTO `proje`.`instructor` (`ssn`, `iName`, `rank`, `baseSalary`, `extraSalary`, `dName`) VALUES ('10000000007', 'Vedat', 'Instructor', '30000', '70', 'Gastronomy');
INSERT INTO `proje`.`instructor` (`ssn`, `iName`, `rank`, `baseSalary`, `extraSalary`, `dName`) VALUES ('10000000008', 'Ercan', 'Proffesor', '30000', '95', 'Industrial Eng');
INSERT INTO `proje`.`instructor` (`ssn`, `iName`, `rank`, `baseSalary`, `extraSalary`, `dName`) VALUES ('10000000009', 'Ayşe', 'Proffesor', '25000', '85', 'Psychology');
INSERT INTO `proje`.`instructor` (`ssn`, `iName`, `rank`, `baseSalary`, `extraSalary`, `dName`) VALUES ('10000000010', 'Emine', 'Proffesor', '35000', '20', 'Public Relations');
INSERT INTO `proje`.`instructor` (`ssn`, `iName`, `rank`, `baseSalary`, `extraSalary`, `dName`) VALUES ('10000000011', 'Elif', 'Proffesor', '37000', '20', 'Sociology');
INSERT INTO `proje`.`instructor` (`ssn`, `iName`, `rank`, `baseSalary`, `extraSalary`, `dName`) VALUES ('10000000012', 'Barış', 'Proffessor', '40000', '200', 'Software Eng');
INSERT INTO `proje`.`instructor` (`ssn`, `iName`, `rank`, `baseSalary`, `extraSalary`, `dName`) VALUES ('10000000013', 'Tuna', 'Instructor', '30000', '100', 'Gastronomy');
INSERT INTO `proje`.`instructor` (`ssn`, `iName`, `rank`, `baseSalary`, `extraSalary`, `dName`) VALUES ('10000000014', 'Ekrem', 'Associate Professor', '27000', '80', 'Sociology');
INSERT INTO `proje`.`instructor` (`ssn`, `iName`, `rank`, `baseSalary`, `extraSalary`, `dName`) VALUES ('10000000015', 'Mark', 'Assistant Professor', '30000', '100', 'Computer Eng');
INSERT INTO `proje`.`instructor` (`ssn`, `iName`, `rank`, `baseSalary`, `extraSalary`, `dName`) VALUES ('10000000016', 'Bilge', 'Instructor', '25000', '20', 'Software Eng');
INSERT INTO `proje`.`instructor` (`ssn`, `iName`, `rank`, `baseSalary`, `extraSalary`, `dName`) VALUES ('10000000017', 'Yunus', 'Associate Professor', '35000', '150', 'Industrial Eng');
INSERT INTO `proje`.`instructor` (`ssn`, `iName`, `rank`, `baseSalary`, `extraSalary`, `dName`) VALUES ('10000000018', 'Ömer', 'Assistant Professor', '15000', '50', 'Civil Eng');
INSERT INTO `proje`.`instructor` (`ssn`, `iName`, `rank`, `baseSalary`, `extraSalary`, `dName`) VALUES ('10000000019', 'Kadir', 'Associate Professor', '15000', '70', 'Public Relations');
UPDATE `proje`.`instructor` SET `iName` = 'Bartu' WHERE (`ssn` = '10000000012');
UPDATE `proje`.`instructor` SET `iName` = 'Ayla' WHERE (`ssn` = '10000000009');
UPDATE `proje`.`instructor` SET `iName` = 'Ayla' WHERE (`ssn` = '10000000003');
UPDATE `proje`.`department` SET `headSsn` = '10000000001' WHERE (`dName` = 'Architecture');
UPDATE `proje`.`department` SET `headSsn` = '10000000003' WHERE (`dName` = 'Biomedical Eng');
UPDATE `proje`.`department` SET `headSsn` = '10000000005' WHERE (`dName` = 'Civil Eng');
UPDATE `proje`.`department` SET `headSsn` = '10000000006' WHERE (`dName` = 'Computer Eng');
UPDATE `proje`.`department` SET `headSsn` = '10000000012' WHERE (`dName` = 'Software Eng');
UPDATE `proje`.`department` SET `headSsn` = '10000000011' WHERE (`dName` = 'Sociology');
UPDATE `proje`.`department` SET `headSsn` = '10000000010' WHERE (`dName` = 'Public Relations');
UPDATE `proje`.`department` SET `headSsn` = '10000000009' WHERE (`dName` = 'Psychology');
UPDATE `proje`.`department` SET `headSsn` = '10000000008' WHERE (`dName` = 'Industrial Eng');
UPDATE `proje`.`department` SET `headSsn` = '10000000007' WHERE (`dName` = 'Gastronomy');
INSERT INTO `proje`.`project` (`leadSsn`, `prName`, `budget`, `startDate`, `endDate`, `subject`, `contrDName`) VALUES ('10000000007', 'Turkish Cuisine', '5000', '2019-05-04', '2020-05-04', 'Turkish delicious tastes with Anatolian Culture', 'Gastronomy');
INSERT INTO `proje`.`project` (`leadSsn`, `prName`, `budget`, `startDate`, `endDate`, `subject`, `contrDName`) VALUES ('10000000003', 'Prosthetic Arm', '10000', '2018-02-02', '2020-03-29', 'Producing Technologic Arm', 'Biomedical Eng');
INSERT INTO `proje`.`project` (`leadSsn`, `prName`, `budget`, `startDate`, `endDate`, `subject`, `contrDName`) VALUES ('10000000001', 'Town Square', '50000', '2017-08-12', '2021-08-12', 'Making New Square', 'Architecture');
INSERT INTO `proje`.`project` (`leadSsn`, `prName`, `budget`, `startDate`, `endDate`, `subject`, `contrDName`) VALUES ('10000000014', 'Human Behaviours', '1000', '2020-01-01', '2020-02-01', 'Human Behaviours', 'Sociology');
INSERT INTO `proje`.`project` (`leadSsn`, `prName`, `budget`, `startDate`, `endDate`, `subject`, `contrDName`) VALUES ('10000000018', 'Town Square', '50000', '2020-11-08', '2022-11-08', 'Town Square', 'Civil Eng');
INSERT INTO `proje`.`project` (`leadSsn`, `prName`, `budget`, `startDate`, `endDate`, `subject`, `contrDName`) VALUES ('10000000016', 'Mobile Application', '1000', '2020-01-14', '2020-02-14', 'Coding to Mobile App of University', 'Software Eng');
INSERT INTO `proje`.`project` (`leadSsn`, `prName`, `budget`, `startDate`, `endDate`, `subject`, `contrDName`) VALUES ('10000000019', 'Human Behaviours', '1000', '2020-07-01', '2020-08-07', 'Human Behaviours', 'Public Relations');
INSERT INTO `proje`.`project` (`leadSsn`, `prName`, `budget`, `startDate`, `endDate`, `subject`, `contrDName`) VALUES ('10000000015', 'Mobile Application', '1000', '2020-01-14', '2020-02-14', 'Coding to Mobile App of University', 'Computer Eng');
INSERT INTO `proje`.`project` (`leadSsn`, `prName`, `budget`, `startDate`, `endDate`, `subject`, `contrDName`) VALUES ('10000000013', 'French Cuisine', '5000', '2019-05-04', '2020-05-04', 'Tasting French delicious ', 'Gastronomy');
UPDATE `proje`.`project` SET `subject` = 'Coding to Mobile App of Company' WHERE (`leadSsn` = '10000000016') and (`prName` = 'Mobile Application');
INSERT INTO `proje`.`instrinprojects` (`PrjleadSsn`, `prName`, `issn`, `workingHours`) VALUES ('10000000015', 'Mobile Application', '10000000015', '40');
INSERT INTO `proje`.`instrinprojects` (`PrjleadSsn`, `prName`, `issn`, `workingHours`) VALUES ('10000000014', 'Human Behaviours', '10000000014', '12');
INSERT INTO `proje`.`instrinprojects` (`PrjleadSsn`, `prName`, `issn`, `workingHours`) VALUES ('10000000013', 'French Cuisine', '10000000013', '120');
INSERT INTO `proje`.`instrinprojects` (`PrjleadSsn`, `prName`, `issn`, `workingHours`) VALUES ('10000000007', 'Turkish Cuisine', '10000000007', '130');
INSERT INTO `proje`.`instrinprojects` (`PrjleadSsn`, `prName`, `issn`, `workingHours`) VALUES ('10000000003', 'Prosthetic Arm', '10000000003', '200');
INSERT INTO `proje`.`instrinprojects` (`PrjleadSsn`, `prName`, `issn`, `workingHours`) VALUES ('10000000001', 'Town Square', '10000000001', '250');
INSERT INTO `proje`.`instrinprojects` (`PrjleadSsn`, `prName`, `issn`, `workingHours`) VALUES ('10000000016', 'Mobile Application', '10000000016', '200');
INSERT INTO `proje`.`instrinprojects` (`PrjleadSsn`, `prName`, `issn`, `workingHours`) VALUES ('10000000018', 'Town Square', '10000000018', '250');
INSERT INTO `proje`.`instrinprojects` (`PrjleadSsn`, `prName`, `issn`, `workingHours`) VALUES ('10000000019', 'Human Behaviours', '10000000019', '40');
INSERT INTO `proje`.`section` (`semester`, `courseCode`, `year`, `sectionId`, `quota`, `issn`) VALUES ('fall', 'ar101', '2019', '1', '20', '10000000001');
INSERT INTO `proje`.`section` (`semester`, `courseCode`, `year`, `sectionId`, `quota`, `issn`) VALUES ('fall', 'ar101', '2019', '2', '30', '10000000002');
INSERT INTO `proje`.`section` (`semester`, `courseCode`, `year`, `sectionId`, `quota`, `issn`) VALUES ('fall', 'be101', '2019', '1', '30', '10000000003');
INSERT INTO `proje`.`section` (`semester`, `courseCode`, `year`, `sectionId`, `quota`, `issn`) VALUES ('fall', 'be101', '2019', '2', '20', '10000000004');
INSERT INTO `proje`.`section` (`semester`, `courseCode`, `year`, `sectionId`, `quota`, `issn`) VALUES ('fall', 'ce101', '2019', '1', '25', '10000000005');
INSERT INTO `proje`.`section` (`semester`, `courseCode`, `year`, `sectionId`, `quota`, `issn`) VALUES ('fall', 'ce101', '2019', '2', '15', '10000000005');
INSERT INTO `proje`.`section` (`semester`, `courseCode`, `year`, `sectionId`, `quota`, `issn`) VALUES ('fall', 'ce101', '2019', '3', '10', '10000000018');
INSERT INTO `proje`.`section` (`semester`, `courseCode`, `year`, `sectionId`, `quota`, `issn`) VALUES ('fall', 'cs101', '2019', '1', '50', '10000000006');
INSERT INTO `proje`.`section` (`semester`, `courseCode`, `year`, `sectionId`, `quota`, `issn`) VALUES ('fall', 'gs101', '2019', '1', '90', '10000000013');
INSERT INTO `proje`.`section` (`semester`, `courseCode`, `year`, `sectionId`, `quota`, `issn`) VALUES ('fall', 'ie101', '2019', '1', '50', '10000000017');
INSERT INTO `proje`.`section` (`semester`, `courseCode`, `year`, `sectionId`, `quota`, `issn`) VALUES ('fall', 'pr101', '2019', '1', '25', '10000000010');
INSERT INTO `proje`.`section` (`semester`, `courseCode`, `year`, `sectionId`, `quota`, `issn`) VALUES ('fall', 'pr101', '2019', '2', '25', '10000000019');
INSERT INTO `proje`.`section` (`semester`, `courseCode`, `year`, `sectionId`, `quota`, `issn`) VALUES ('fall', 'ps101', '2019', '1', '30', '10000000009');
INSERT INTO `proje`.`section` (`semester`, `courseCode`, `year`, `sectionId`, `quota`, `issn`) VALUES ('fall', 'se101', '2019', '1', '50', '10000000016');
INSERT INTO `proje`.`section` (`semester`, `courseCode`, `year`, `sectionId`, `quota`, `issn`) VALUES ('fall', 'so101', '2019', '1', '50', '10000000011');
INSERT INTO `proje`.`section` (`semester`, `courseCode`, `year`, `sectionId`, `quota`, `issn`) VALUES ('spring', 'ar101', '2020', '1', '20', '10000000001');
INSERT INTO `proje`.`section` (`semester`, `courseCode`, `year`, `sectionId`, `quota`, `issn`) VALUES ('spring', 'ar101', '2020', '2', '15', '10000000002');
INSERT INTO `proje`.`section` (`semester`, `courseCode`, `year`, `sectionId`, `quota`, `issn`) VALUES ('spring', 'be101', '2020', '1', '15', '10000000003');
INSERT INTO `proje`.`section` (`semester`, `courseCode`, `year`, `sectionId`, `quota`, `issn`) VALUES ('spring', 'be101', '2020', '2', '15', '10000000004');
INSERT INTO `proje`.`section` (`semester`, `courseCode`, `year`, `sectionId`, `quota`, `issn`) VALUES ('spring', 'ce101', '2020', '1', '20', '10000000005');
INSERT INTO `proje`.`section` (`semester`, `courseCode`, `year`, `sectionId`, `quota`, `issn`) VALUES ('spring', 'ce101', '2020', '2', '15', '10000000005');
INSERT INTO `proje`.`section` (`semester`, `courseCode`, `year`, `sectionId`, `quota`, `issn`) VALUES ('spring', 'cs101', '2020', '1', '20', '10000000006');
INSERT INTO `proje`.`section` (`semester`, `courseCode`, `year`, `sectionId`, `quota`, `issn`) VALUES ('spring', 'gs101', '2020', '1', '40', '10000000013');
INSERT INTO `proje`.`section` (`semester`, `courseCode`, `year`, `sectionId`, `quota`, `issn`) VALUES ('spring', 'ie101', '2020', '1', '20', '10000000017');
INSERT INTO `proje`.`section` (`semester`, `courseCode`, `year`, `sectionId`, `quota`, `issn`) VALUES ('spring', 'pr101', '2020', '1', '20', '10000000010');
INSERT INTO `proje`.`section` (`semester`, `courseCode`, `year`, `sectionId`, `quota`, `issn`) VALUES ('spring', 'pr101', '2020', '2', '15', '10000000019');
INSERT INTO `proje`.`section` (`semester`, `courseCode`, `year`, `sectionId`, `quota`, `issn`) VALUES ('spring', 'ps101', '2020', '1', '10', '10000000009');
INSERT INTO `proje`.`section` (`semester`, `courseCode`, `year`, `sectionId`, `quota`, `issn`) VALUES ('spring', 'se101', '2020', '1', '25', '10000000016');
INSERT INTO `proje`.`section` (`semester`, `courseCode`, `year`, `sectionId`, `quota`, `issn`) VALUES ('spring', 'so101', '2020', '1', '20', '10000000011');
UPDATE `proje`.`curricula` SET `gradOrUGrad` = 'U' WHERE (`currCode` = 'GS-2020') and (`dName` = 'Gastronomy');
UPDATE `proje`.`curricula` SET `gradOrUGrad` = 'U' WHERE (`currCode` = 'CS-2020') and (`dName` = 'Computer Eng');
UPDATE `proje`.`curricula` SET `gradOrUGrad` = 'U' WHERE (`currCode` = 'IE-2020') and (`dName` = 'Industrial Eng');
UPDATE `proje`.`curricula` SET `gradOrUGrad` = 'U' WHERE (`currCode` = 'PR-2020') and (`dName` = 'Public Relations');
UPDATE `proje`.`curricula` SET `gradOrUGrad` = 'U' WHERE (`currCode` = 'PS-2020') and (`dName` = 'Psychology');
UPDATE `proje`.`curricula` SET `gradOrUGrad` = 'U' WHERE (`currCode` = 'SE-2020') and (`dName` = 'Software Eng');
UPDATE `proje`.`curricula` SET `gradOrUGrad` = 'U' WHERE (`currCode` = 'SO-2020') and (`dName` = 'Sociology');
UPDATE `proje`.`curricula` SET `gradOrUGrad` = 'U' WHERE (`currCode` = 'AR-2020') and (`dName` = 'Architecture');
UPDATE `proje`.`curricula` SET `gradOrUGrad` = 'U' WHERE (`currCode` = 'BE-2020') and (`dName` = 'Biomedical Eng');
UPDATE `proje`.`curricula` SET `gradOrUGrad` = 'U' WHERE (`currCode` = 'CE-2020') and (`dName` = 'Civil Eng');
INSERT INTO `proje`.`curricula` (`currCode`, `gradOrUGrad`, `dName`) VALUES ('AR-F', 'G', 'Architecture');
INSERT INTO `proje`.`curricula` (`currCode`, `gradOrUGrad`, `dName`) VALUES ('BE-F', 'G', 'Biomedical Eng');
INSERT INTO `proje`.`curricula` (`currCode`, `gradOrUGrad`, `dName`) VALUES ('CE-F', 'G', 'Civil Eng');
INSERT INTO `proje`.`curricula` (`currCode`, `gradOrUGrad`, `dName`) VALUES ('CS-F', 'G', 'Computer Eng');
INSERT INTO `proje`.`curricula` (`currCode`, `gradOrUGrad`, `dName`) VALUES ('GS-F', 'G', 'Gastronomy');
INSERT INTO `proje`.`curricula` (`currCode`, `gradOrUGrad`, `dName`) VALUES ('IE-F', 'G', 'Industrial Eng');
INSERT INTO `proje`.`curricula` (`currCode`, `gradOrUGrad`, `dName`) VALUES ('PR-F', 'G', 'Public Relations');
INSERT INTO `proje`.`curricula` (`currCode`, `gradOrUGrad`, `dName`) VALUES ('PS-F', 'G', 'Psychology');
INSERT INTO `proje`.`curricula` (`currCode`, `gradOrUGrad`, `dName`) VALUES ('SE-F', 'G', 'Software Eng');
INSERT INTO `proje`.`curricula` (`currCode`, `gradOrUGrad`, `dName`) VALUES ('SO-F', 'G', 'Sociology');
INSERT INTO `proje`.`student` (`sssn`, `gradorUgrad`, `currCode`, `dName`, `studentId`, `Sname`) VALUES ('10000000030', 'G', 'PR-F', 'Public Relations', '111', 'Ali');
INSERT INTO `proje`.`student` (`sssn`, `gradorUgrad`, `currCode`, `dName`, `studentId`, `Sname`) VALUES ('10000000031', 'G', 'SO-F', 'Sociology', '112', 'Veli');
INSERT INTO `proje`.`student` (`sssn`, `gradorUgrad`, `currCode`, `dName`, `studentId`, `Sname`) VALUES ('10000000032', 'G', 'SE-F', 'Software Eng', '113', 'Mehmet');
INSERT INTO `proje`.`student` (`sssn`, `gradorUgrad`, `advisorSsn`, `currCode`, `dName`, `studentId`, `Sname`) VALUES ('10000000033', 'U', '10000000001', 'AR-2020', 'Architecture', '114', 'Kasım');
INSERT INTO `proje`.`student` (`sssn`, `gradorUgrad`, `advisorSsn`, `currCode`, `dName`, `studentId`, `Sname`) VALUES ('10000000034', 'U', '10000000003', 'BE-2020', 'Biomedical Eng', '115', 'Murat');
INSERT INTO `proje`.`student` (`sssn`, `gradorUgrad`, `advisorSsn`, `currCode`, `dName`, `studentId`, `Sname`) VALUES ('10000000035', 'U', '10000000005', 'CE-2020', 'Civil Eng', '116', 'Pelin');
INSERT INTO `proje`.`student` (`sssn`, `gradorUgrad`, `advisorSsn`, `currCode`, `dName`, `studentId`, `Sname`) VALUES ('10000000036', 'U', '10000000006', 'CS-2020', 'Computer Eng', '117', 'İpek');
INSERT INTO `proje`.`student` (`sssn`, `gradorUgrad`, `advisorSsn`, `currCode`, `dName`, `studentId`, `Sname`) VALUES ('10000000037', 'U', '10000000007', 'GS-2020', 'Gastronomy', '118', 'Mutlu');
INSERT INTO `proje`.`student` (`sssn`, `gradorUgrad`, `advisorSsn`, `currCode`, `dName`, `studentId`, `Sname`) VALUES ('10000000038', 'U', '10000000008', 'IE-2020', 'Industrial Eng', '119', 'Bilge');
INSERT INTO `proje`.`student` (`sssn`, `gradorUgrad`, `advisorSsn`, `currCode`, `dName`, `studentId`, `Sname`) VALUES ('10000000039', 'U', '10000000009', 'PS-2020', 'Psychology', '120', 'Bilgin');
INSERT INTO `proje`.`emails` (`sssn`, `email`) VALUES ('10000000030', '111@');
INSERT INTO `proje`.`emails` (`sssn`, `email`) VALUES ('10000000031', '112@');
INSERT INTO `proje`.`emails` (`sssn`, `email`) VALUES ('10000000032', '113@');
INSERT INTO `proje`.`emails` (`sssn`, `email`) VALUES ('10000000033', '114@');
INSERT INTO `proje`.`emails` (`sssn`, `email`) VALUES ('10000000034', '115@');
INSERT INTO `proje`.`emails` (`sssn`, `email`) VALUES ('10000000035', '116@');
INSERT INTO `proje`.`emails` (`sssn`, `email`) VALUES ('10000000036', '117@');
INSERT INTO `proje`.`emails` (`sssn`, `email`) VALUES ('10000000037', '118@');
INSERT INTO `proje`.`emails` (`sssn`, `email`) VALUES ('10000000038', '119@');
INSERT INTO `proje`.`emails` (`sssn`, `email`) VALUES ('10000000039', '120@');
UPDATE `proje`.`student` SET `advisorSsn` = '10000000019' WHERE (`sssn` = '10000000030');
UPDATE `proje`.`student` SET `advisorSsn` = '10000000014' WHERE (`sssn` = '10000000031');
UPDATE `proje`.`student` SET `advisorSsn` = '10000000016' WHERE (`sssn` = '10000000032');
INSERT INTO `proje`.`gradstudent` (`sssn`, `advisorSsn`) VALUES ('10000000030', '10000000019');
INSERT INTO `proje`.`gradstudent` (`sssn`, `advisorSsn`) VALUES ('10000000031', '10000000014');
INSERT INTO `proje`.`gradstudent` (`sssn`, `advisorSsn`) VALUES ('10000000032', '10000000016');
INSERT INTO `proje`.`prevdegrees` (`college`, `degree`, `year`, `gradssn`) VALUES ('Işık', 'Lisance', '2019', '10000000031');
INSERT INTO `proje`.`prevdegrees` (`college`, `degree`, `year`, `gradssn`) VALUES ('Işık', 'Lisance', '2018', '10000000032');
INSERT INTO `proje`.`prevdegrees` (`college`, `degree`, `year`, `gradssn`) VALUES ('Işık', 'Lisance', '2019', '10000000030');
INSERT INTO `proje`.`gradsinprojects` (`prjleadSsn`, `prName`, `gradsSsn`, `workingHours`) VALUES ('10000000014', 'Human Behaviours', '10000000031', '8');
INSERT INTO `proje`.`gradsinprojects` (`prjleadSsn`, `prName`, `gradsSsn`, `workingHours`) VALUES ('10000000016', 'Mobile Application', '10000000032', '8');
INSERT INTO `proje`.`gradsinprojects` (`prjleadSsn`, `prName`, `gradsSsn`, `workingHours`) VALUES ('10000000019', 'Human Behaviours', '10000000030', '8');
INSERT INTO `proje`.`timeslot` (`day`, `hour`) VALUES ('Monday', '8');
INSERT INTO `proje`.`timeslot` (`day`, `hour`) VALUES ('Tuesday', '8');
INSERT INTO `proje`.`timeslot` (`day`, `hour`) VALUES ('Wednesday', '8');
INSERT INTO `proje`.`timeslot` (`day`, `hour`) VALUES ('Thursday', '8');
INSERT INTO `proje`.`timeslot` (`day`, `hour`) VALUES ('Friday', '8');
INSERT INTO `proje`.`enrollment` (`sssn`, `gradorUgrad`, `semester`, `courseCode`, `year`, `sectionId`, `issn`, `buildingName`, `roomNumber`, `hour`, `day`) VALUES ('10000000033', 'U', 'fall', 'ar101', '2019', '1', '10000000001', 'DMF', '1', '8', 'Monday'); 
INSERT INTO `proje`.`enrollment` (`sssn`, `gradorUgrad`, `semester`, `courseCode`, `year`, `sectionId`, `issn`, `buildingName`, `roomNumber`, `hour`, `day`) VALUES ('10000000038', 'U', 'fall', 'ie101', '2019', '1', '10000000008', 'LMF', '5', '8', 'Sunday'); 
INSERT INTO `proje`.`enrollment` (`sssn`, `gradorUgrad`, `semester`, `courseCode`, `year`, `sectionId`, `issn`, `buildingName`, `roomNumber`, `hour`, `day`) VALUES ('10000000034', 'U', 'fall', 'be101', '2019', '1', '10000000003', 'LMF', '2', '8', 'Tuesday');
INSERT INTO `proje`.`enrollment` (`sssn`, `gradorUgrad`, `semester`, `courseCode`, `year`, `sectionId`, `issn`, `buildingName`, `roomNumber`, `hour`, `day`) VALUES ('10000000035', 'U', 'fall', 'ce101', '2019', '1', '10000000005', 'LMF', '3', '8', 'Wednesday');
INSERT INTO `proje`.`enrollment` (`sssn`, `gradorUgrad`, `semester`, `courseCode`, `year`, `sectionId`, `issn`, `buildingName`, `roomNumber`, `hour`, `day`) VALUES ('10000000036', 'U', 'fall', 'cs101', '2019', '1', '10000000006', 'LMF', '4', '8', 'Thursday');
INSERT INTO `proje`.`enrollment` (`sssn`, `gradorUgrad`, `semester`, `courseCode`, `year`, `sectionId`, `issn`, `buildingName`, `roomNumber`, `hour`, `day`) VALUES ('10000000037', 'U', 'fall', 'gs101', '2019', '1', '10000000007', 'DMF', '3', '8', 'Friday');
INSERT INTO `proje`.`enrollment` (`sssn`, `gradorUgrad`, `semester`, `courseCode`, `year`, `sectionId`, `issn`, `buildingName`, `roomNumber`, `hour`, `day`) VALUES ('10000000039', 'U', 'fall', 'ps101', '2019', '1', '10000000009', 'DMF', '2', '8', 'Monday');



